Keyword,Source,Seed
apple id forgot password,Bing,Apple ID
apple id forgot password,Google,Apple ID
apple id分享,Google,Apple ID
apple id forgot,Bing,Apple ID
apple id forgot,Google,Apple ID
apple id 访问限制 无法退出,Google,Apple ID
apple id 付款 方式 无,Google,Apple ID
apple id free,Bing,Apple ID
apple id free,Google,Apple ID
apple id 发票归户,Google,Apple ID
apple id 发生未知的错误,Google,Apple ID
apple id复原,Google,Apple ID
apple id for kids,Bing,Apple ID
apple id for kids,Google,Apple ID
apple id 复原密钥,Google,Apple ID
apple id付款方式,Google,Apple ID
apple id 付款方式 无,Bing,Apple ID
apple id 分享,Bing,Apple ID
apple id 访问限制 无法退出登录,Bing,Apple ID
apple id create,Bing,Apple ID
apple id create,Google,Apple ID
apple id创建,Bing,Apple ID
apple id创建,Google,Apple ID
apple id 此时无法创建你的账户,Google,Apple ID
apple id 充值,Google,Apple ID
apple id change email,Bing,Apple ID
apple id change email,Google,Apple ID
apple id china,Bing,Apple ID
apple id china,Google,Apple ID
apple id change password,Bing,Apple ID
apple id change password,Google,Apple ID
apple id change country,Bing,Apple ID
apple id change country,Google,Apple ID
apple id create account,Bing,Apple ID
apple id create account,Google,Apple ID
apple id 重 设 密码,Google,Apple ID
apple id 此 账户 已 锁定 无法 使用,Google,Apple ID
apple id 出生 日期 无效 dcard,Google,Apple ID
apple id 出生 日期 无效 ptt,Google,Apple ID
apple id此时无法创建你的账户,Bing,Apple ID
apple id注册,Bing,Apple ID
apple id注册,Google,Apple ID
apple id 官网,Google,Apple ID
apple id 登录,Google,Apple ID
apple id login,Bing,Apple ID
apple id login,Google,Apple ID
apple id 美国,Google,Apple ID
apple id 购买,Google,Apple ID
apple id register,Bing,Apple ID
apple id register,Google,Apple ID
apple id 注册 美国,Google,Apple ID
apple id 美区,Bing,Apple ID
apple id 美区,Google,Apple ID
apple id 注册 官网 美国,Google,Apple ID
apple id 共享,Bing,Apple ID
apple id 共享,Google,Apple ID
apple id sign up,Bing,Apple ID
apple id sign up,Google,Apple ID
apple id 美国 购买,Google,Apple ID
apple id登录,Bing,Apple ID
apple id注册官网,Bing,Apple ID
apple id密码忘了怎么办,Bing,Apple ID
apple id官网,Bing,Apple ID
apple id注册官网入口,Bing,Apple ID
apple id购买,Bing,Apple ID
apple id管理,Bing,Apple ID
apple id密码格式,Bing,Apple ID
apple id被禁用,Bing,Apple ID
apple id被禁用,Google,Apple ID
apple id 被锁定,Google,Apple ID
apple id 被停用,Google,Apple ID
apple id 绑定paypal,Google,Apple ID
apple id 不能 更改 地区,Google,Apple ID
apple id被锁定怎么解除,Google,Apple ID
apple id 被 停 用 怎么 退出,Google,Apple ID
apple id 被 锁定 怎么 办,Google,Apple ID
apple id 被尝试登入,Google,Apple ID
apple id 被 停 用 怎么 办,Google,Apple ID
apple id 变更,Google,Apple ID
apple id 不能登出,Google,Apple ID
apple id 被登入,Google,Apple ID
apple id 变更密码,Google,Apple ID
apple id 被 锁定 诈骗,Google,Apple ID
apple id被锁定怎么解锁,Bing,Apple ID
apple id被停用,Bing,Apple ID
apple id 绑定 paypal,Bing,Apple ID
apple id被停用怎么解决,Bing,Apple ID
apple id 被鎖定,Bing,Apple ID
apple id account,Bing,Apple ID
apple id account,Google,Apple ID
apple id application,Bing,Apple ID
apple id application,Google,Apple ID
appleid.apple.com打不开,Google,Apple ID
apple id america,Bing,Apple ID
apple id america,Google,Apple ID
apple id australia,Bing,Apple ID
apple id australia,Google,Apple ID
apple id 安全性延迟,Google,Apple ID
apple id apple account 違い,Bing,Apple ID
apple id 安全確認のため停止中,Bing,Apple ID
apple id 改地区,Google,Apple ID
apple id 官网 美国,Google,Apple ID
apple id 管理,Google,Apple ID
apple id 更改 国家,Google,Apple ID
apple id 共享账号,Google,Apple ID
apple id 改密码,Google,Apple ID
apple id 更改美国,Google,Apple ID
apple id官网登录入口,Bing,Apple ID
apple id官网登录入口,Google,Apple ID
apple id 改区,Google,Apple ID
apple id 更换邮箱,Google,Apple ID
apple id 关闭双重认证,Google,Apple ID
apple id更改,Google,Apple ID
apple id改地区,Bing,Apple ID
apple id共享账号,Bing,Apple ID
apple id关闭双重认证,Bing,Apple ID
apple id管理页面,Bing,Apple ID
apple id改密码,Bing,Apple ID
apple id改区,Bing,Apple ID
apple id管理中心,Bing,Apple ID
apple id email,Bing,Apple ID
apple id email,Google,Apple ID
apple id email 更改,Google,Apple ID
apple id 儿童,Google,Apple ID
apple id儿童帐号,Google,Apple ID
apple id 儿童 年龄 更改,Google,Apple ID
apple id儿童帐号登出,Google,Apple ID
apple id 儿童 帐号 限制,Google,Apple ID
apple id email address,Bing,Apple ID
apple id email address,Google,Apple ID
apple id 二支手机,Google,Apple ID
apple id english,Bing,Apple ID
apple id english,Google,Apple ID
apple id e儿童账户 如何注销,Bing,Apple ID
apple id 儿童账号 退出,Bing,Apple ID
apple id 登入 网页,Google,Apple ID
apple id 登入 要求 一直 出现,Google,Apple ID
apple id 登入 装置,Google,Apple ID
apple id 登 出 会 怎样 dcard,Google,Apple ID
apple id登出会怎样,Google,Apple ID
apple id 登入纪录,Google,Apple ID
apple id 登入 纪录 查询,Google,Apple ID
apple id登出资料会不见吗,Google,Apple ID
apple id 登 出 再 登入,Google,Apple ID
apple id 登 出 其他 装置,Google,Apple ID
apple id 登入两支手机,Google,Apple ID
apple id 大头 贴 无法 更换,Google,Apple ID
apple id 电话 号码 格式 台湾,Google,Apple ID
apple id 电邮,Google,Apple ID
apple id登录网站,Bing,Apple ID
apple id登录界面,Bing,Apple ID
apple id 登录 验证失败,Bing,Apple ID
apple id 电话号码 无效,Bing,Apple ID
apple id 登陆 发生未知错误,Bing,Apple ID
apple id new,Bing,Apple ID
apple id new,Google,Apple ID
apple id 年龄 限制 解除,Google,Apple ID
apple id 年龄 更改,Google,Apple ID
apple id 年龄,Google,Apple ID
apple id 年龄限制,Google,Apple ID
apple id 哪里看,Google,Apple ID
apple id哪里找,Google,Apple ID
apple id 年龄 限制 台湾,Google,Apple ID
apple id能更改吗,Google,Apple ID
apple id能登入几个装置,Google,Apple ID
apple id能改吗,Google,Apple ID
apple id not active,Bing,Apple ID
apple id not active,Google,Apple ID
apple id not working,Bing,Apple ID
apple id not working,Google,Apple ID
apple id new create,Bing,Apple ID
apple id new create,Google,Apple ID
apple id 你将可以在 6 天后重设密码,Bing,Apple ID
apple id 换区,Bing,Apple ID
apple id 换区,Google,Apple ID
apple id 换信箱,Google,Apple ID
apple id 换email,Google,Apple ID
apple id 换地区,Google,Apple ID
apple id 换电话号码,Google,Apple ID
apple id 海外账号,Google,Apple ID
apple id恢复,Google,Apple ID
apple id 换帐号,Google,Apple ID
apple id 换密码,Google,Apple ID
apple id会被盗吗,Google,Apple ID
apple id 和 app store 帐号 不 一样,Google,Apple ID
apple id 合并,Google,Apple ID
apple id 海外,Google,Apple ID
apple id 换国家,Google,Apple ID
apple id换邮箱,Bing,Apple ID
apple id和app store 账号不同,Bing,Apple ID
apple id 换区 付款方式,Bing,Apple ID
apple id 灰色 无法退出,Bing,Apple ID
apple id icloud,Bing,Apple ID
apple id icloud,Google,Apple ID
apple id india,Bing,Apple ID
apple id india,Google,Apple ID
apple id is locked,Bing,Apple ID
apple id is locked,Google,Apple ID
apple id iforgot,Bing,Apple ID
apple id iforgot,Google,Apple ID
apple id icloud id不同,Google,Apple ID
apple id icloud 邮箱,Bing,Apple ID
apple id可以登入两支手机吗,Google,Apple ID
apple id可以更改吗,Bing,Apple ID
apple id可以更改吗,Google,Apple ID
apple id 可以改信箱吗,Google,Apple ID
apple id 可以登入几个装置,Google,Apple ID
apple id可以换吗,Google,Apple ID
apple id可以登入两台手机吗,Google,Apple ID
apple id 跨区,Google,Apple ID
apple id可以换帐号吗,Google,Apple ID
apple id 可以有几个,Google,Apple ID
apple id 客服,Bing,Apple ID
apple id 客服,Google,Apple ID
apple id可以改邮箱吗,Google,Apple ID
apple id 可以 用 gmail 吗,Google,Apple ID
apple id可以重复登入吗,Google,Apple ID
apple id 可以删除吗,Google,Apple ID
apple id 可以共用吗,Google,Apple ID
apple id可以登录几个设备,Bing,Apple ID
apple id可以注销吗,Bing,Apple ID
apple id扣费咋回事,Bing,Apple ID
apple id客服电话,Bing,Apple ID
apple id 解锁,Bing,Apple ID
apple id 解锁,Google,Apple ID
apple id 解除 绑 定 游戏,Google,Apple ID
apple id 家人共享,Google,Apple ID
apple id 解锁 费用,Google,Apple ID
apple id几岁可以申请,Google,Apple ID
apple id 家长监护,Google,Apple ID
apple id japan register,Bing,Apple ID
apple id japan register,Google,Apple ID
apple id建立帐号,Google,Apple ID
apple id借人,Google,Apple ID
apple id 交易功能暂时受限,Google,Apple ID
apple id建议,Google,Apple ID
apple id禁用,Google,Apple ID
apple id 借贷,Google,Apple ID
apple id 解除,Bing,Apple ID
apple id 解除,Google,Apple ID
apple id 解锁工具,Google,Apple ID
apple id解锁,Bing,Apple ID
apple id解锁,Google,Apple ID
apple id解锁账户,Bing,Apple ID
apple id 家庭共享 跨区,Bing,Apple ID
apple id解绑手机号,Bing,Apple ID
apple id解锁工具,Bing,Apple ID
apple id建议怎么关闭,Bing,Apple ID
apple id激活,Bing,Apple ID
apple id 建立,Bing,Apple ID
apple id 家族,Bing,Apple ID
apple id locked,Bing,Apple ID
apple id locked,Google,Apple ID
apple id 两支手机,Google,Apple ID
apple id 两只手机同时登入,Google,Apple ID
apple id login icloud,Bing,Apple ID
apple id login icloud,Google,Apple ID
apple id 礼品卡,Google,Apple ID
apple id 两只手机,Google,Apple ID
apple id 礼品卡充值,Bing,Apple ID
apple id 礼品卡充值,Google,Apple ID
apple id两个帐号,Google,Apple ID
apple id 连接伺服器时发生问题,Google,Apple ID
apple id 连接服务器时出现问题,Bing,Apple ID
apple id login online,Bing,Apple ID
apple id login online,Google,Apple ID
apple id 美区注册,Google,Apple ID
apple id 密码修改,Google,Apple ID
apple id 美国注册,Google,Apple ID
apple id 密码忘了怎么办,Google,Apple ID
apple id 免费,Google,Apple ID
apple id 美区购买,Bing,Apple ID
apple id 美区购买,Google,Apple ID
apple id密码,Google,Apple ID
apple id 目前 无法 更改 国家 或 地区,Google,Apple ID
apple id密码忘记了,Google,Apple ID
apple id美区充值,Bing,Apple ID
apple id美区充值,Google,Apple ID
apple id 美国 免税 州 地址 生成,Google,Apple ID
apple id美区注册,Bing,Apple ID
apple id 美区 共享,Bing,Apple ID
apple id密码找回,Bing,Apple ID
apple id 美国账号 付款方式,Bing,Apple ID
apple id 美区 付款方式没有无,Bing,Apple ID
apple id 美区 账单地址,Bing,Apple ID
apple id 密码正确 无法登陆,Bing,Apple ID
apple id open,Bing,Apple ID
apple id open,Google,Apple ID
apple id 土耳其,Google,Apple ID
apple id停用解决方法,Google,Apple ID
apple id 停用 解锁,Google,Apple ID
apple id 停用了怎么办,Google,Apple ID
apple id 头像 更换,Google,Apple ID
apple id 停 用 原因,Google,Apple ID
apple id 同时 登入 两 个 装置,Google,Apple ID
apple id 退款,Google,Apple ID
apple id 台湾,Google,Apple ID
apple id 头像,Google,Apple ID
apple id 停用,Google,Apple ID
apple id头像无法更换,Google,Apple ID
apple id退出登录,Google,Apple ID
apple id 土耳其 地址,Google,Apple ID
apple id 头像 删除,Google,Apple ID
apple id停用,Bing,Apple ID
apple id停用怎么重新激活,Bing,Apple ID
apple id 台湾 付款方式,Bing,Apple ID
apple id退出不了,Bing,Apple ID
apple id us,Bing,Apple ID
apple id us,Google,Apple ID
apple id unlock,Bing,Apple ID
apple id unlock,Google,Apple ID
apple id uk,Bing,Apple ID
apple id uk,Google,Apple ID
apple id us address,Bing,Apple ID
apple id us address,Google,Apple ID
apple id username,Bing,Apple ID
apple id username,Google,Apple ID
apple id 切换地区,Google,Apple ID
apple id 取消双重认证,Google,Apple ID
apple id 切换,Google,Apple ID
apple id 强制登出,Google,Apple ID
apple id去哪看,Google,Apple ID
apple id 亲子帐号,Google,Apple ID
apple id 迁移,Google,Apple ID
apple id 切换帐号,Google,Apple ID
apple id 其他地方登入,Google,Apple ID
apple id 切换成美国区,Google,Apple ID
apple id 切换美区,Google,Apple ID
apple id 切换国家,Google,Apple ID
apple id 其他装置登入,Google,Apple ID
apple id 启用锁定,Google,Apple ID
apple id 取回,Google,Apple ID
apple id 取消 双重认证,Bing,Apple ID
apple id切换地区,Bing,Apple ID
apple id切换美区,Bing,Apple ID
apple id 签名 怎么弄,Bing,Apple ID
apple id签名,Bing,Apple ID
apple id qq邮箱无效,Bing,Apple ID
apple id 签名 证书申请失败,Bing,Apple ID
apple id 取得方法,Bing,Apple ID
apple id 取得方法 ipad,Bing,Apple ID
apple id verification code,Bing,Apple ID
apple id verification code,Google,Apple ID
apple id verification failed,Bing,Apple ID
apple id verification failed,Google,Apple ID
apple id vs apple account,Bing,Apple ID
apple id vs apple account,Google,Apple ID
apple id reset,Bing,Apple ID
apple id reset,Google,Apple ID
apple id reset password,Bing,Apple ID
apple id reset password,Google,Apple ID
apple id 日区,Bing,Apple ID
apple id 日区,Google,Apple ID
apple id recovery,Bing,Apple ID
apple id recovery,Google,Apple ID
apple id 如何更改国家,Google,Apple ID
apple id 如何 关闭 双重 认证,Google,Apple ID
apple id 日本帐号,Google,Apple ID
apple id如何更改地区,Google,Apple ID
apple id如何申请,Google,Apple ID
apple id如何更改密码,Google,Apple ID
apple id region change,Bing,Apple ID
apple id region change,Google,Apple ID
apple id如何注销,Bing,Apple ID
apple id 日本,Bing,Apple ID
apple id password reset,Bing,Apple ID
apple id password reset,Google,Apple ID
apple id password,Bing,Apple ID
apple id password,Google,Apple ID
apple id passkey,Bing,Apple ID
apple id passkey,Google,Apple ID
apple id phone number change,Bing,Apple ID
apple id phone number change,Google,Apple ID
apple id password recovery,Bing,Apple ID
apple id password recovery,Google,Apple ID
apple id password change,Bing,Apple ID
apple id password change,Google,Apple ID
apple id paypal 系统暂时无响应,Bing,Apple ID
apple id 申请,Bing,Apple ID
apple id 申请,Google,Apple ID
apple id是什么,Bing,Apple ID
apple id是什么,Google,Apple ID
apple id support,Bing,Apple ID
apple id support,Google,Apple ID
apple id 设置,Google,Apple ID
apple id 双重认证,Google,Apple ID
apple id 双重 认证 电话 号码 更改,Google,Apple ID
apple id 双重 认证 电话 号码 忘记,Google,Apple ID
apple id 手机 号码 变更,Google,Apple ID
apple id 尚未在itunes store使用过,Google,Apple ID
apple id 锁定了怎么办,Google,Apple ID
apple id是邮箱吗,Google,Apple ID
apple id 锁定,Bing,Apple ID
apple id 锁定,Google,Apple ID
apple id锁已开启是什么意思,Bing,Apple ID
apple id锁定解除锁定,Bing,Apple ID
apple id 双重验证 关闭,Bing,Apple ID
apple id 忘记密码,Google,Apple ID
apple id 外区,Google,Apple ID
apple id 无法验证你的身份,Google,Apple ID
apple id 忘记 密码 无法 验证 身份,Google,Apple ID
apple id 忘记 密码 手机 号码,Google,Apple ID
apple id 无法 验证 电话 号码 ptt,Google,Apple ID
apple id 无法 重 置 密码,Google,Apple ID
apple id 无法 登入,Google,Apple ID
apple id 无法建立帐号,Google,Apple ID
apple id忘记密码怎么办,Google,Apple ID
apple id 忘记 密码 ptt,Google,Apple ID
apple id 网页版,Google,Apple ID
apple id 忘记了怎么办,Google,Apple ID
apple id 忘记 密码 dcard,Google,Apple ID
apple id 无法验证,Google,Apple ID
apple id忘记密码,Bing,Apple ID
apple id 忘记密码 手机号更换,Bing,Apple ID
apple id无法退出,Bing,Apple ID
apple id无法退出登录,Bing,Apple ID
apple id 忘记密码 破解,Bing,Apple ID
apple id 无法验证你的身份 重试,Bing,Apple ID
apple id 忘记密码 无法连接服务器,Bing,Apple ID
apple id 中国,Google,Apple ID
apple id注销,Bing,Apple ID
apple id注销,Google,Apple ID
apple id 注册 官网,Google,Apple ID
apple id 转区,Google,Apple ID
apple id 找 回 密码,Google,Apple ID
apple id 注册页面,Bing,Apple ID
apple id 注册页面,Google,Apple ID
apple id 注册 中国,Google,Apple ID
apple id 怎么改地区,Google,Apple ID
apple id 转地区,Google,Apple ID
apple id 注册 网页,Google,Apple ID
apple id注册香港,Bing,Apple ID
apple id注册香港,Google,Apple ID
apple id账号购买,Google,Apple ID
apple id注册美区,Bing,Apple ID
apple id怎么看,Bing,Apple ID
apple id找回,Bing,Apple ID
apple id怎么改地区,Bing,Apple ID
apple id怎么注销,Bing,Apple ID
apple id注册美国,Bing,Apple ID
apple id 修改密码,Google,Apple ID
apple id 香港,Bing,Apple ID
apple id 香港,Google,Apple ID
apple id 修改地区,Google,Apple ID
apple id 信箱,Google,Apple ID
apple id 信箱更改,Google,Apple ID
apple id寻找,Google,Apple ID
apple id修改,Google,Apple ID
apple id 新加坡,Google,Apple ID
apple id 新增,Google,Apple ID
apple id 修改邮箱,Google,Apple ID
apple id 小朋友,Google,Apple ID
apple id 信用卡 跳 过,Google,Apple ID
apple id信箱登入,Google,Apple ID
apple id 寻找手机,Google,Apple ID
apple id 香港 账号,Google,Apple ID
apple id修改密码,Bing,Apple ID
apple id修改地区,Bing,Apple ID
apple id香港注册,Bing,Apple ID
apple id香港地址,Bing,Apple ID
apple id修改手机号,Bing,Apple ID
apple id 小火箭,Bing,Apple ID
apple id修改邮箱,Bing,Apple ID
apple id香港地址生成器,Bing,Apple ID
apple id现在无法建立你的账户,Bing,Apple ID
apple id 香港 付款方式,Bing,Apple ID
美区apple id,Bing,美区 Apple ID
美区apple id,Google,美区 Apple ID
美区 apple id 注册,Google,美区 Apple ID
美 区 apple id 2023,Google,美区 Apple ID
美区apple id共享,Bing,美区 Apple ID
美区apple id注册,Bing,美区 Apple ID
美区apple id注册,Google,美区 Apple ID
美区apple id购买,Bing,美区 Apple ID
美区apple id购买,Google,美区 Apple ID
美区apple id充值,Bing,美区 Apple ID
美区apple id充值,Google,美区 Apple ID
美区apple id付款方式,Bing,美区 Apple ID
美区apple id付款方式,Google,美区 Apple ID
美区 apple id 注册教程,Bing,美区 Apple ID
美区apple id共享最新,Bing,美区 Apple ID
美区apple id地址,Bing,美区 Apple ID
美区 apple id 绑定信用卡,Bing,美区 Apple ID
美区 apple id 添加付款方式,Bing,美区 Apple ID
美区 apple id 申请注册教程,Bing,美区 Apple ID
美区apple id小火箭购买,Bing,美区 Apple ID
美区apple id小火箭购买,Google,美区 Apple ID
美区apple id礼品卡充值,Bing,美区 Apple ID
美区apple id礼品卡充值,Google,美区 Apple ID
美区apple id被禁用,Bing,美区 Apple ID
美区apple id被禁用,Google,美区 Apple ID
美区apple id付款方式被拒绝,Bing,美区 Apple ID
美区apple id付款方式被拒绝,Google,美区 Apple ID
美区apple id 信用卡,Google,美区 Apple ID
美区apple id 绑定paypal,Google,美区 Apple ID
美区apple id怎么注册,Bing,美区 Apple ID
美区apple id怎么注册,Google,美区 Apple ID
美区apple id申请,Bing,美区 Apple ID
美区apple id申请,Google,美区 Apple ID
美区apple id无法登录,Bing,美区 Apple ID
美区apple id无法登录,Google,美区 Apple ID
美区apple id礼品卡,Bing,美区 Apple ID
美区apple id礼品卡,Google,美区 Apple ID
美区apple id小火箭,Bing,美区 Apple ID
美区apple id绑定paypal系统暂时无响应,Google,美区 Apple ID
美区apple id绑定国内信用卡,Bing,美区 Apple ID
美区apple id绑定国内信用卡,Google,美区 Apple ID
美区apple id绑卡,Google,美区 Apple ID
美区apple id绑定信用卡,Google,美区 Apple ID
美区apple id被封,Google,美区 Apple ID
美区apple id被停用,Bing,美区 Apple ID
美区 apple id 绑定 paypal,Bing,美区 Apple ID
美区apple id被锁定,Bing,美区 Apple ID
美区apple id绑定国区paypal,Bing,美区 Apple ID
美区 apple id 绑定支付宝,Bing,美区 Apple ID
美区apple id被锁定怎么解锁,Bing,美区 Apple ID
美区 apple id 被封,Bing,美区 Apple ID
美区apple id付款,Google,美区 Apple ID
美区 apple id 充值卡,Bing,美区 Apple ID
美区apple id chatgpt,Bing,美区 Apple ID
美区apple id此时无法创建你的账户,Bing,美区 Apple ID
美区apple id创建,Bing,美区 Apple ID
美区apple id充值平台,Bing,美区 Apple ID
美区apple id充值微信,Bing,美区 Apple ID
美区apple id充值技巧,Bing,美区 Apple ID
美区apple id充值攻略,Bing,美区 Apple ID
美区apple id clash,Bing,美区 Apple ID
美区apple id登录,Bing,美区 Apple ID
美区apple id登录,Google,美区 Apple ID
美区apple id 地址,Google,美区 Apple ID
美区apple id地址生成器,Bing,美区 Apple ID
美区apple id 电话,Bing,美区 Apple ID
美区apple id地址怎么充值,Bing,美区 Apple ID
美区apple id地址怎么分享,Bing,美区 Apple ID
美区apple id地址怎么填写,Bing,美区 Apple ID
美区apple id地址怎么注册,Bing,美区 Apple ID
美区apple id地址怎么绑定,Bing,美区 Apple ID
美区apple id地址怎么获取,Bing,美区 Apple ID
美区apple id地址怎么购买,Bing,美区 Apple ID
美区apple id地址怎么验证,Bing,美区 Apple ID
apple id 余额 怎么 用,Google,Apple ID
apple id移除,Google,Apple ID
apple id 由于访问限制 无法退出登录,Google,Apple ID
apple id 余额 转移,Google,Apple ID
apple id 验证 码 收 不 到,Google,Apple ID
apple id 余额 提现,Google,Apple ID
apple id 验证 失败 发生 未知 错误,Google,Apple ID
apple id 移 除 设备,Google,Apple ID
apple id 余额 转 出,Google,Apple ID
apple id 一定 要 电话 号码 吗,Google,Apple ID
apple id 已 锁定 无限 循环,Google,Apple ID
apple id 一定 要 电话 号码 吗 ptt,Google,Apple ID
apple id 已 锁定 无限 循环 ptt,Google,Apple ID
apple id 永久 停 用,Google,Apple ID
apple id已停用,Bing,Apple ID
apple id已锁定,Bing,Apple ID
apple id由于访问限制无法退出登录,Bing,Apple ID
apple id 验证失败 发生未知错误,Bing,Apple ID
apple id邮箱,Bing,Apple ID
apple id邮箱登录,Bing,Apple ID
apple id已停用怎么解除,Bing,Apple ID
apple id验证失败连接服务器时出错,Bing,Apple ID
apple id已锁定怎么解锁,Bing,Apple ID
apple id 移除 破解版,Bing,Apple ID
apple id 已停用 怎么退出,Bing,Apple ID
美区 apple id,Google,美区 Apple ID
美区apple id 付款,Google,美区 Apple ID
美区apple id分享,Bing,美区 Apple ID
美区 apple id 付款方式被拒,Bing,美区 Apple ID
美区apple id付款方式变更,Bing,美区 Apple ID
美区apple id付款方式推荐,Bing,美区 Apple ID
美区apple id付款方式比较,Bing,美区 Apple ID
美区apple id付款方式优缺点,Bing,美区 Apple ID
美区apple id付款方式有哪些,Bing,美区 Apple ID
美区appleid,Bing,美区 Apple ID
美区apple id可以绑定中国信用卡吗,Bing,美区 Apple ID
美区apple id 充值,Bing,美区 Apple ID
美区apple id 充值,Google,美区 Apple ID
美区apple id购买小火箭,Bing,美区 Apple ID
美区apple id购买小火箭,Google,美区 Apple ID
美区apple id购买shadowrocket,Bing,美区 Apple ID
美区apple id购买shadowrocket,Google,美区 Apple ID
美区apple id共享小火箭,Bing,美区 Apple ID
美区apple id共享2025,Bing,美区 Apple ID
美区apple id共享账号,Bing,美区 Apple ID
美区 apple id 共享 shadowrocket,Bing,美区 Apple ID
美区apple id共享网站,Bing,美区 Apple ID
美 区 apple id 好处,Google,美区 Apple ID
美区apple id换区,Bing,美区 Apple ID
美区apple id好用的app,Bing,美区 Apple ID
美区apple id和中国区日常使用区别,Bing,美区 Apple ID
美区apple id火箭,Bing,美区 Apple ID
美区apple id黄油,Bing,美区 Apple ID
美区apple id会被封吗,Bing,美区 Apple ID
美区apple id好玩的游戏,Bing,美区 Apple ID
美区 apple id icloud,Bing,美区 Apple ID
美区apple id可以干什么,Bing,美区 Apple ID
美区apple id可以用微信支付吗,Bing,美区 Apple ID
美区apple id可以用中国手机号吗,Bing,美区 Apple ID
美区apple id可以用支付宝付款吗,Bing,美区 Apple ID
美区apple id可以下载什么应用,Bing,美区 Apple ID
美区apple id可以用国内信用卡吗,Bing,美区 Apple ID
美区apple id可以绑中国visa吗,Bing,美区 Apple ID
美区apple id可以绑定paypal吗,Bing,美区 Apple ID
美区apple id可以绑定国区paypal吗,Bing,美区 Apple ID
美区apple id可以绑定中国手机号吗,Bing,美区 Apple ID
美区apple id 街道,Bing,美区 Apple ID
美区apple id解锁,Bing,美区 Apple ID
美区apple id解封,Bing,美区 Apple ID
美区apple id教程,Bing,美区 Apple ID
美区apple id礼品卡购买,Bing,美区 Apple ID
美区apple id礼品卡购买,Google,美区 Apple ID
美区 apple id 礼品卡充值,Bing,美区 Apple ID
美区apple id临时,Bing,美区 Apple ID
美区apple id礼品卡怎么用,Bing,美区 Apple ID
美区 apple id 免税区,Bing,美区 Apple ID
美区apple id免费,Bing,美区 Apple ID
美区apple id免税州,Bing,美区 Apple ID
美区 apple id 无法内购,Bing,美区 Apple ID
美区appleid免费账号,Bing,美区 Apple ID
美区apple id免费共享,Bing,美区 Apple ID
美区apple id无法添加付款方式,Bing,美区 Apple ID
美区apple id免费分享,Bing,美区 Apple ID
美区apple id密码,Bing,美区 Apple ID
美区 apple id 免税区地址,Bing,美区 Apple ID
美区apple id 免费vpn,Bing,美区 Apple ID
美区apple id 没有信用卡,Bing,美区 Apple ID
美区 apple id paypal,Bing,美区 Apple ID
美区apple id paypal系统暂时无响应,Bing,美区 Apple ID
美区apple id配送地址,Bing,美区 Apple ID
美区apple id批发,Bing,美区 Apple ID
美区apple id泡泡狗,Bing,美区 Apple ID
美区apple id内购,Bing,美区 Apple ID
美区apple id内购,Google,美区 Apple ID
美区apple id你的付款方式被拒绝,Bing,美区 Apple ID
美区apple id你的付款方式被拒绝,Google,美区 Apple ID
美区apple id能绑定国内信用卡吗,Bing,美区 Apple ID
美区apple id你的购买无法完成,Bing,美区 Apple ID
美区apple id能绑定中国手机号吗,Bing,美区 Apple ID
美区apple id能干嘛,Bing,美区 Apple ID
美区apple id能绑定国区paypal吗,Bing,美区 Apple ID
美区apple id能下载什么,Bing,美区 Apple ID
美区apple id您的付款方式被拒绝,Bing,美区 Apple ID
美区apple id能干什么,Bing,美区 Apple ID
美区apple id能做什么,Bing,美区 Apple ID
美区apple id你的请求暂时无法处理,Bing,美区 Apple ID
美区apple id如何注册,Bing,美区 Apple ID
美区apple id如何注册,Google,美区 Apple ID
美区 apple id 日常使用,Bing,美区 Apple ID
美区apple id如何支付,Bing,美区 Apple ID
美区apple id如何付款,Bing,美区 Apple ID
美区apple id如何添加付款方式,Bing,美区 Apple ID
美区apple id如何充值,Bing,美区 Apple ID
美区apple id如何付费,Bing,美区 Apple ID
美区apple id软件推荐,Bing,美区 Apple ID
美区apple id 软件,Bing,美区 Apple ID
美区apple id如何购买shadowrocket,Bing,美区 Apple ID
美区apple id添加付款方式,Google,美区 Apple ID
美区apple id添加国内信用卡,Bing,美区 Apple ID
美区apple id添加支付方式,Bing,美区 Apple ID
美区apple id停用,Bing,美区 Apple ID
美区apple id提示,Bing,美区 Apple ID
美区apple id添加paypal,Bing,美区 Apple ID
美区apple id双重认证,Google,美区 Apple ID
美区apple id shadowrocket,Bing,美区 Apple ID
美区 apple id 使用指南,Bing,美区 Apple ID
美区apple id生成,Bing,美区 Apple ID
美区apple id使用,Bing,美区 Apple ID
美区apple id锁定,Bing,美区 Apple ID
美区apple id锁定,Google,美区 Apple ID
美区apple id 手机号,Bing,美区 Apple ID
美区apple id使用paypal,Bing,美区 Apple ID
美区apple id 设置paypal,Bing,美区 Apple ID
美区apple id无法登陆,Bing,美区 Apple ID
美区apple id无法登陆,Google,美区 Apple ID
美区apple id忘记密码,Bing,美区 Apple ID
美区apple id无法使用账户余额付款,Bing,美区 Apple ID
美区apple id无法创建,Bing,美区 Apple ID
美区apple id无法绑定paypal,Bing,美区 Apple ID
美区apple id网站,Bing,美区 Apple ID
美区apple id忘记了,Bing,美区 Apple ID
美区apple id 无法连接,Bing,美区 Apple ID
美区apple id 无法验证付款信息,Bing,美区 Apple ID
美区apple id余额无法使用,Google,美区 Apple ID
美区apple id验证失败,Google,美区 Apple ID
美区apple id有什么用,Bing,美区 Apple ID
美区apple id有什么用,Google,美区 Apple ID
美区apple id验证失败发生未知错误,Bing,美区 Apple ID
美区apple id有什么好处,Bing,美区 Apple ID
美区apple id邮箱,Bing,美区 Apple ID
美区apple id银行卡,Bing,美区 Apple ID
美区apple id邮箱注册,Bing,美区 Apple ID
美区apple id 验证失败,Bing,美区 Apple ID
美区apple id养号,Bing,美区 Apple ID
美区apple id余额,Bing,美区 Apple ID
美区apple id游戏,Bing,美区 Apple ID
美区apple id有什么好玩的,Bing,美区 Apple ID
美区apple id 已购小火箭,Bing,美区 Apple ID
美区apple id虚拟信用卡,Bing,美区 Apple ID
美区apple id虚拟信用卡,Google,美区 Apple ID
美区apple id小火箭独享,Google,美区 Apple ID
美区 apple id 信用卡,Bing,美区 Apple ID
美区apple id小火箭共享,Bing,美区 Apple ID
美区apple id信息,Bing,美区 Apple ID
美区apple id下载app,Bing,美区 Apple ID
美区apple id下载小火箭,Bing,美区 Apple ID
美区apple id小飞机,Bing,美区 Apple ID
美区apple id下载微信,Bing,美区 Apple ID
美区apple id信用卡号,Bing,美区 Apple ID
美区apple id下载国区app,Bing,美区 Apple ID
美区apple id支付,Bing,美区 Apple ID
美区apple id支付,Google,美区 Apple ID
美区apple id vpn,Bing,美区 Apple ID
美区apple id visa,Bing,美区 Apple ID
美区apple id怎么付款,Bing,美区 Apple ID
美区apple id怎么付款,Google,美区 Apple ID
美区apple id账单地址,Google,美区 Apple ID
美区apple id注册教程,Google,美区 Apple ID
美区apple id账号,Bing,美区 Apple ID
美区apple id账号,Google,美区 Apple ID
美区apple id支付方式,Google,美区 Apple ID
美区apple id注册流程,Google,美区 Apple ID
美区apple id账号购买,Google,美区 Apple ID
美区apple id怎么充值,Bing,美区 Apple ID
美区apple id怎么充值,Google,美区 Apple ID
美区apple id注册全流程,Google,美区 Apple ID
美区apple id支付宝,Google,美区 Apple ID
美区 apple id 注册页面,Bing,美区 Apple ID
美区apple id注册地址,Bing,美区 Apple ID
美区 apple id 支付方式,Bing,美区 Apple ID
美区 apple id 支付宝,Bing,美区 Apple ID
美区id注册,Bing,美区 ID 注册
美区id注册,Google,美区 ID 注册
美区id注册教程,Bing,美区 ID 注册
美区id注册教程,Google,美区 ID 注册
美区id注册2024,Google,美区 ID 注册
美 区 id 注册 地址,Google,美区 ID 注册
美区id注册地址生成器,Bing,美区 ID 注册
美区id注册电话号码,Bing,美区 ID 注册
美区id注册地址怎么填,Bing,美区 ID 注册
美区id注册目前无法完成你的请求,Bing,美区 ID 注册
美区id注册付款方式,Bing,美区 ID 注册
美区id注册需要信用卡,Bing,美区 ID 注册
美区id注册方法,Bing,美区 ID 注册
美区id注册流程,Bing,美区 ID 注册
美区id注册不了,Bing,美区 ID 注册
美区id注册2025,Bing,美区 ID 注册
美区id怎么注册,Google,美区 ID 注册
美区id申请,Google,美区 ID 注册
美区id注册邮箱,Bing,美区 ID 注册
美区id注册付款方式没有无,Bing,美区 ID 注册
注册美区apple id,Bing,美区 ID 注册
怎么注册美区苹果id,Bing,美区 ID 注册
如何注册美区苹果id,Bing,美区 ID 注册
注册美区id,Bing,美区 ID 注册
美区id 注册,Google,美区 ID 注册
苹果美区id注册,Bing,美区 ID 注册
美区苹果id注册,Google,美区 ID 注册
美区id注册生成器,Bing,美区 ID 注册
美区id注册收不到验证码,Bing,美区 ID 注册
美区id注册信用卡,Bing,美区 ID 注册
美区id注册验证码,Bing,美区 ID 注册
美区id充值,Bing,美区 ID 充值
美区id充值,Google,美区 ID 充值
美区id怎么充值,Google,美区 ID 充值
美区id如何充值,Google,美区 ID 充值
美区id充值优惠,Bing,美区 ID 充值
美区id充值攻略,Bing,美区 ID 充值
美区id充值教程,Bing,美区 ID 充值
美区id充值安全吗,Bing,美区 ID 充值
美区id充值常见问题,Bing,美区 ID 充值
美区id充值注意事项,Bing,美区 ID 充值
美区id充值卡,Bing,美区 ID 充值
美区id充值礼品卡,Bing,美区 ID 充值
美区id充值平台,Bing,美区 ID 充值
美区id充值gpt,Bing,美区 ID 充值
如何给美区apple id充值,Bing,美区 ID 充值
支付宝美区apple id充值,Bing,美区 ID 充值
美区apple id充值卡,Bing,美区 ID 充值
美区apple id充值网站,Bing,美区 ID 充值
美区 app store 充值,Bing,美区 ID 充值
美区 apple id 付款方式,Bing,美区 ID 充值
美区id充值步骤,Bing,美区 ID 充值
支付宝充值美区苹果id,Bing,美区 ID 充值
美区苹果id充值,Bing,美区 ID 充值
美区苹果id充值,Google,美区 ID 充值
苹果美区id充值,Bing,美区 ID 充值
怎么给美区苹果id充值,Bing,美区 ID 充值
app store 充值卡 美区,Bing,美区 ID 充值
美区id 充值,Google,美区 ID 充值
美区id 付款,Google,美区 ID 充值
美区id充值 支付宝,Bing,美区 ID 充值
美区id付款方式,Google,美区 ID 充值
app store 美区 id,Bing,美区 ID 充值
美区id充值卡怎么买,Bing,美区 ID 充值
美区id充值卡怎么用,Bing,美区 ID 充值
美区id充值哪里好,Bing,美区 ID 充值
美区id购买,Bing,美区 ID 购买
美区id购买,Google,美区 ID 购买
美区id绑卡,Google,美区 ID 购买
美区id内购,Google,美区 ID 购买
美区id购买带火箭,Bing,美区 ID 购买
美区id购买付费软件,Bing,美区 ID 购买
美区id购买小火箭,Bing,美区 ID 购买
美区id购买小火箭,Google,美区 ID 购买
美区id购买攻略,Bing,美区 ID 购买
美区id购买教程,Bing,美区 ID 购买
美区id购买方法,Bing,美区 ID 购买
美区id购买安全吗,Bing,美区 ID 购买
美区id购买优惠券,Bing,美区 ID 购买
美区id购买注意事项,Bing,美区 ID 购买
美区id 购买无法完成,Bing,美区 ID 购买
美区id购买火箭,Bing,美区 ID 购买
美 区 id 有 什么 用,Google,美区 ID 购买
apple id美区购买,Bing,美区 ID 购买
购买美区apple id,Bing,美区 ID 购买
iphone美区id购买,Bing,美区 ID 购买
apple美区id购买,Bing,美区 ID 购买
ios美区id购买,Bing,美区 ID 购买
美区 id,Google,美区 ID 购买
美区id怎么付款,Google,美区 ID 购买
美区id购买带小火箭,Bing,美区 ID 购买
苹果美区id购买,Bing,美区 ID 购买
美区苹果id购买,Bing,美区 ID 购买
苹果id美区购买,Bing,美区 ID 购买
购买美区id,Bing,美区 ID 购买
美区id无法内购,Google,美区 ID 购买
美区id购买网站,Bing,美区 ID 购买
美区id购买礼品卡,Bing,美区 ID 购买
美区id购买哪个好,Bing,美区 ID 购买
美 区 id 购买 小 火箭,Google,美区 ID 购买
美 区 苹果 id 购买,Google,美区 ID 购买
美区id购买平台,Bing,美区 ID 购买
美区id购买软件,Bing,美区 ID 购买
美区id购买推荐,Bing,美区 ID 购买
美区id独享,Bing,美区 ID 独享
美区apple id独享,Bing,美区 ID 独享
独享美区id,Bing,美区 ID 独享
美区独享id,Bing,美区 ID 独享
免费美区 apple id 申请,Bing,美区 ID 独享
美区id在平板可以用。手机用不了,Bing,美区 ID 独享
美区id账号,Google,美区 ID 购买
美区id共享2023,Google,美区 ID 独享
国区 apple id 转 美区,Bing,美区 ID 独享
美区id绑定信用卡,Google,美区 ID 独享
苹果美区账号 apple id 免费账号共享,Bing,美区 ID 独享
美区id有什么用,Google,美区 ID 独享
apple id 礼品 卡 充值 记录,Google,Apple ID 礼品卡
apple id 礼品 卡 购买,Google,Apple ID 礼品卡
apple id礼品卡,Bing,Apple ID 礼品卡
apple id礼品卡,Google,Apple ID 礼品卡
apple id 礼品卡 chatgpt,Bing,Apple ID 礼品卡
apple id礼品卡怎么用,Bing,Apple ID 礼品卡
apple id购买礼品卡,Bing,Apple ID 礼品卡
美国apple id礼品卡,Bing,Apple ID 礼品卡
apple礼品卡怎么买,Google,Apple ID 礼品卡
apple store 礼品卡,Google,Apple ID 礼品卡
苹果id礼品卡,Google,Apple ID 礼品卡
港区apple id礼品卡,Bing,Apple ID 礼品卡
apple id 礼品 卡 充值,Google,Apple ID 礼品卡
apple 礼品卡,Google,Apple ID 礼品卡
apple id 礼品 卡,Google,Apple ID 礼品卡
美国 apple id 礼品卡,Bing,Apple ID 礼品卡
apple app store 礼品卡,Bing,Apple ID 礼品卡
apple store hk 礼品卡,Bing,Apple ID 礼品卡
美区 apple id 礼品卡,Bing,Apple ID 礼品卡
苹果 itunes store 礼品卡,Bing,Apple ID 礼品卡
apple store 礼品卡 香港,Bing,Apple ID 礼品卡
apple store 美区 礼品卡,Bing,Apple ID 礼品卡
正在设置 apple id 卡,Bing,Apple ID 礼品卡
apple id 使用礼品卡 商店停用,Bing,Apple ID 礼品卡
apple store 礼品卡 日本,Bing,Apple ID 礼品卡
apple store 礼品卡 购买,Bing,Apple ID 礼品卡
apple store 礼品卡 退款,Bing,Apple ID 礼品卡
apple id 余额 apple pay,Google,Apple ID 余额
apple id 餘額清除,Google,Apple ID 余额
apple 余额,Google,Apple ID 余额
apple id 余额使用,Google,Apple ID 余额
apple id餘額apple pay,Google,Apple ID 余额
apple id 余额 无法使用,Bing,Apple ID 余额
apple id余额清除,Bing,Apple ID 余额
apple id余额转出,Bing,Apple ID 余额
apple id余额提现,Bing,Apple ID 余额
apple id 余额,Bing,Apple ID 余额
apple id 余额,Google,Apple ID 余额
apple id余额查询,Bing,Apple ID 余额
apple id余额怎么用,Bing,Apple ID 余额
apple id余额怎么充q币,Bing,Apple ID 余额
apple id余额转移,Bing,Apple ID 余额
apple id余额赠送,Bing,Apple ID 余额
apple id余额不足,Bing,Apple ID 余额
apple id余额怎么用完,Bing,Apple ID 余额
apple id 余额 转移 支付宝,Google,Apple ID 余额
apple id 余额 用途,Google,Apple ID 余额
apple id余额无法使用,Google,Apple ID 余额
apple id 余额 付款,Google,Apple ID 余额
apple id 余额 无法 使用 ptt,Google,Apple ID 余额
apple id 余额 退 款,Google,Apple ID 余额
apple id 余额 不能 用,Google,Apple ID 余额
apple id 余额清除,Google,Apple ID 余额
apple 余额宝,Google,Apple ID 余额
用完你的apple id上的所有余额,Bing,Apple ID 余额
apple id有余额转区,Bing,Apple ID 余额
apple 余额清除,Google,Apple ID 余额
apple id 余额 使用,Google,Apple ID 余额
apple id 余额 无法 使用,Google,Apple ID 余额
apple id有余额怎么转区,Bing,Apple ID 余额
apple id 余额 买 iphone,Google,Apple ID 余额
apple id 余额可以买什么,Google,Apple ID 余额
apple id 余额 不足,Google,Apple ID 余额
apple id余额会过期吗,Bing,Apple ID 余额
apple id 余额 清除,Google,Apple ID 余额
apple id 余额 清 零,Google,Apple ID 余额
apple id 余额 可以 买 什么,Google,Apple ID 余额
apple id 余额 清空,Google,Apple ID 余额
apple id 有 余额 转 区,Google,Apple ID 余额
apple id 转 区 余额,Google,Apple ID 余额
美 区 apple id 余额 无法 使用,Google,Apple ID 余额
如何 清空 apple id 余额,Google,Apple ID 余额
如何刪除apple id余额,Google,Apple ID 余额
apple id余额可以买什么,Bing,Apple ID 余额
apple id余额可以充值游戏吗,Bing,Apple ID 余额
怎么 看 apple id 余额,Google,Apple ID 余额
如何清零apple id的$ 0 . 01元余额,Bing,Apple ID 余额
如何 把 apple id 余额 归 零,Google,Apple ID 余额
apple id 余额 无法使用 ptt,Google,Apple ID 余额
apple id 余额 退款,Google,Apple ID 余额
apple id 余额 怎么 使用,Google,Apple ID 余额
如何 消除 apple id 余额,Google,Apple ID 余额
如何 使用 apple id 余额 付款,Google,Apple ID 余额
apple id 余额 充值,Google,Apple ID 余额
apple id 余额 转 地区,Google,Apple ID 余额
apple id余额退款,Bing,Apple ID 余额
如何 把 apple id 余额,Google,Apple ID 余额
怎么 把 apple id 余额 清除,Google,Apple ID 余额
apple id 有 余额 转 地区,Google,Apple ID 余额
apple id 有 余额,Google,Apple ID 余额
apple id 还 有 余额,Google,Apple ID 余额
apple id 有 余额 无法 使用,Google,Apple ID 余额
apple id余额有什么用,Bing,Apple ID 余额
apple id余额怎么清空,Bing,Apple ID 余额
apple id 锁定 解除,Google,Apple ID 锁定
apple id 锁定 无法 使用,Google,Apple ID 锁定
apple id 解鎖,Google,Apple ID 锁定
苹果id锁定了怎么办,Google,Apple ID 锁定
apple id锁定如何解锁,Bing,Apple ID 锁定
apple id锁定了怎么解锁,Bing,Apple ID 锁定
apple id锁定怎么办,Bing,Apple ID 锁定
apple id锁定怎么办,Google,Apple ID 锁定
apple id锁定24小时,Bing,Apple ID 锁定
apple id锁定无法使用,Bing,Apple ID 锁定
apple id锁定原因,Bing,Apple ID 锁定
apple id锁定了怎么解除,Bing,Apple ID 锁定
apple id锁定怎么解除锁定,Bing,Apple ID 锁定
apple id锁定了怎么办,Bing,Apple ID 锁定
apple id锁定,Google,Apple ID 锁定
苹果id锁,Google,Apple ID 锁定
锁定apple id,Google,Apple ID 锁定
apple id锁定怎么重新激活,Bing,Apple ID 锁定
apple id 已 锁定 基于 安全 考量,Google,Apple ID 锁定
apple id 锁定 怎么 办,Google,Apple ID 锁定
apple id 锁 了,Google,Apple ID 锁定
apple id 锁 区,Google,Apple ID 锁定
apple id 被 锁定,Google,Apple ID 锁定
apple id 被 锁定 怎么 解除,Google,Apple ID 锁定
apple id 被 锁定 如何 解锁,Google,Apple ID 锁定
apple id 已 被 锁定,Google,Apple ID 锁定
apple id 被 锁定 无法 使用,Google,Apple ID 锁定
apple id 突然 被 锁定,Google,Apple ID 锁定
apple id 被 锁定 ptt,Google,Apple ID 锁定
apple id 一直 被 锁定,Google,Apple ID 锁定
apple id此账户已锁定无法使用,Bing,Apple ID 锁定
apple id账户已锁定无法使用,Bing,Apple ID 锁定
如果你的apple id被锁定或停用,Bing,Apple ID 锁定
apple id 锁定 解锁,Google,Apple ID 锁定
apple id 已 锁定 解锁 帐号,Google,Apple ID 锁定
apple id 密码 锁定,Google,Apple ID 锁定
apple id 锁定 ptt,Google,Apple ID 锁定
apple id 锁定 了 怎么 办,Google,Apple ID 锁定
apple id 被 锁定 了 怎么 办,Google,Apple ID 锁定
此apple id已被锁定,Bing,Apple ID 锁定
apple id 账户 已 锁定 无法 使用,Google,Apple ID 锁定
apple id 锁定 无法 登 出,Google,Apple ID 锁定
日区apple id,Bing,日区 Apple ID
日区apple id,Google,日区 Apple ID
日区apple id注册,Bing,日区 Apple ID
日区apple id注册,Google,日区 Apple ID
日区apple id购买,Bing,日区 Apple ID
日区apple id购买,Google,日区 Apple ID
日区apple id充值,Bing,日区 Apple ID
日区apple id充值,Google,日区 Apple ID
日区apple id付款方式,Google,日区 Apple ID
日区apple id地址,Google,日区 Apple ID
日 区 苹果 id 购买,Google,日区 Apple ID
apple id 日 区 地址,Google,日区 Apple ID
日区apple id共享,Bing,日区 Apple ID
日区 apple id 绑定信用卡,Bing,日区 Apple ID
日区apple id怎么付款,Bing,日区 Apple ID
日区 apple id 付款方式,Bing,日区 Apple ID
日区apple id地址生成,Bing,日区 Apple ID
日区apple id注册技巧,Bing,日区 Apple ID
日区apple id注册方法,Bing,日区 Apple ID
日 区 apple id 支付 方式,Google,日区 Apple ID
日区apple id jcb,Bing,日区 Apple ID
日区apple id被停用,Bing,日区 Apple ID
日区apple id绑定支付宝,Bing,日区 Apple ID
日区apple id绑定paypal,Bing,日区 Apple ID
注册日区apple id,Bing,日区 Apple ID
apple id日区,Bing,日区 Apple ID
apple id注册日区,Bing,日区 Apple ID
apple id日区注册,Bing,日区 Apple ID
苹果日区id,Google,日区 Apple ID
日区apple id 付款,Bing,日区 Apple ID
日区appleid付款方式填写,Bing,日区 Apple ID
日区apple id番号,Bing,日区 Apple ID
日区apple id注册步骤,Bing,日区 Apple ID
日区apple id可以绑定中国信用卡吗,Bing,日区 Apple ID
日区apple id可以用支付宝吗,Bing,日区 Apple ID
日区apple id礼品卡,Bing,日区 Apple ID
日区apple id注册的好处,Bing,日区 Apple ID
日区apple id注册的风险,Bing,日区 Apple ID
日区苹果id,Google,日区 Apple ID
日区apple id注册注意事项,Bing,日区 Apple ID
日区apple id注册需要什么,Bing,日区 Apple ID
日区apple id注册后如何使用,Bing,日区 Apple ID
日区apple id注册的常见问题,Bing,日区 Apple ID
日区apple id支付方式,Bing,日区 Apple ID
港区apple id注册,Bing,港区 Apple ID
港区apple id注册,Google,港区 Apple ID
港区apple id,Bing,港区 Apple ID
港区apple id,Google,港区 Apple ID
港区apple id充值,Bing,港区 Apple ID
港区apple id充值,Google,港区 Apple ID
港区id注册,Google,港区 Apple ID
apple id港区,Google,港区 Apple ID
港区apple id共享,Bing,港区 Apple ID
港区apple id付款方式,Bing,港区 Apple ID
港区apple id付款方式,Google,港区 Apple ID
港区apple id购买,Bing,港区 Apple ID
港区apple id购买,Google,港区 Apple ID
港区 apple id 信用卡,Bing,港区 Apple ID
港区apple id可以用支付宝吗,Bing,港区 Apple ID
港区apple id共享最新,Bing,港区 Apple ID
港区 apple id 绑定信用卡,Bing,港区 Apple ID
港区apple id 支付宝,Bing,港区 Apple ID
港区 apple id paypal,Bing,港区 Apple ID
港区apple id注册流程,Google,港区 Apple ID
港区id充值,Google,港区 Apple ID
港区apple id支付方式,Bing,港区 Apple ID
港区apple id支付方式,Google,港区 Apple ID
港 区 apple id 付款,Google,港区 Apple ID
港区apple id 被封,Bing,港区 Apple ID
港区appleid绑定支付宝,Bing,港区 Apple ID
港区apple id chatgpt,Bing,港区 Apple ID
注册港区apple id,Bing,港区 Apple ID
apple id港区注册,Bing,港区 Apple ID
如何注册港区apple id,Bing,港区 Apple ID
港区apple id地址,Bing,港区 Apple ID
港区apple id大全,Bing,港区 Apple ID
港区apple id分享,Bing,港区 Apple ID
港区apple id icloud,Bing,港区 Apple ID
港区apple id 免费,Bing,港区 Apple ID
港区apple id能用银联卡吗,Bing,港区 Apple ID
港区appleid能下载tiktok吗,Bing,港区 Apple ID
港区apple id可以用微信吗,Bing,港区 Apple ID
港区apple id可以下载chatgpt吗,Bing,港区 Apple ID
港区apple id如何在中国大陆使用,Bing,港区 Apple ID
港区apple id添加付款方式,Bing,港区 Apple ID
港区apple id有什么用,Bing,港区 Apple ID
港区apple id有小火箭吗,Bing,港区 Apple ID
港区apple id有arcade吗,Bing,港区 Apple ID
港区apple id注册教程,Bing,港区 Apple ID
港区apple id怎么付款,Bing,港区 Apple ID
港区apple id怎么充值,Bing,港区 Apple ID
港区apple id怎么付费,Bing,港区 Apple ID
港区apple id注册地址,Bing,港区 Apple ID
港区apple id怎么注册,Bing,港区 Apple ID
港区apple id支持支付宝吗,Bing,港区 Apple ID
小火箭id,Bing,小火箭 ID
小火箭id共享,Bing,小火箭 ID
小火箭id购买,Bing,小火箭 ID
小火箭id分享,Bing,小火箭 ID
小火箭id共享账号,Bing,小火箭 ID
小火箭id账号共享,Bing,小火箭 ID
小火箭id免费,Bing,小火箭 ID
小火箭id租用,Bing,小火箭 ID
小火箭id分享平台,Bing,小火箭 ID
小火箭id共享每日更新,Bing,小火箭 ID
小火箭id下载,Bing,小火箭 ID
小火箭id阿,Bing,小火箭 ID
小火箭id号,Bing,小火箭 ID
小火箭id独享,Bing,小火箭 ID
小火箭id出租,Bing,小火箭 ID
小火箭共享id,Bing,小火箭 ID
苹果小火箭共享id,Bing,小火箭 ID
小火箭id github,Bing,小火箭 ID
小火箭id共享网站,Bing,小火箭 ID
小火箭id购买网站,Bing,小火箭 ID
小火箭id共享资源荟萃,Bing,小火箭 ID
小火箭id共享下载,Bing,小火箭 ID
小火箭id共享飞鲨,Bing,小火箭 ID
小火箭id共享ios账号,Bing,小火箭 ID
小火箭id共享10分钟更新,Bing,小火箭 ID
小火箭id账号,Bing,小火箭 ID
小火箭id免费共享,Bing,小火箭 ID
小火箭id每日更新,Bing,小火箭 ID
小火箭id批发,Bing,小火箭 ID
小火箭id苹果,Bing,小火箭 ID
小火箭id商店,Bing,小火箭 ID
小火箭id是什么,Bing,小火箭 ID
小火箭id实时共享,Bing,小火箭 ID
小火箭 v2ray,Google,小火箭 ID
小火箭ipv6,Google,小火箭 ID
shadowrocket id购买,Bing,Shadowrocket ID
shadowrocket共享id,Bing,Shadowrocket ID
shadowrocket苹果id,Bing,Shadowrocket ID
shadowrocket id共享,Bing,Shadowrocket ID
shadowrocket美区id,Bing,Shadowrocket ID
shadowrocket免费id,Bing,Shadowrocket ID
小火箭id息流,Bing,小火箭 ID
小火箭id 共享,Bing,小火箭 ID
小火箭id账号购买,Bing,小火箭 ID
小火箭id自助购买,Bing,小火箭 ID
小火箭id租赁,Bing,小火箭 ID
小火箭id最新,Bing,小火箭 ID
小火箭id账号分享,Bing,小火箭 ID
shadowrocket id分享,Bing,Shadowrocket ID
shadowrocketid下载,Bing,Shadowrocket ID
shadowrocket 地址,Google,Shadowrocket ID
shadowrocket二维码,Google,Shadowrocket ID
shadowrocket 路由配置,Google,Shadowrocket ID
shadowrocket 苹果 id 账号 分享,Google,Shadowrocket ID
shadowrocket ios 使用教程,Google,Shadowrocket ID
